trip_id,person_id,household_id,tour_id,primary_purpose,trip_num,outbound,trip_count,purpose,destination,origin,depart,trip_mode
10218433,31153,31153,1277304,univ,1,True,1,univ,69,46,13.0,DRIVEALONEFREE
10218437,31153,31153,1277304,univ,1,False,1,Home,46,69,20.0,DRIVEALONEFREE
10513321,32052,32052,1314165,shopping,1,True,1,shopping,123,78,11.0,SHARED2FREE
10513325,32052,32052,1314165,shopping,1,False,1,Home,78,123,12.0,SHARED2FREE
10605145,32332,32332,1325643,univ,1,True,2,shopping,168,79,17.0,WALK_LRF
10605146,32332,32332,1325643,univ,2,True,2,univ,12,168,17.0,WALK_LRF
10605149,32332,32332,1325643,univ,1,False,4,escort,9,12,17.0,WALK_LRF
10605150,32332,32332,1325643,univ,2,False,4,shopping,4,9,17.0,WALK_LRF
10605151,32332,32332,1325643,univ,3,False,4,eatout,76,4,17.0,WALK_LRF
10605152,32332,32332,1325643,univ,4,False,4,Home,79,76,17.0,WALK_LOC
36170185,110274,110274,4521273,work,1,True,1,work,2,13,9.0,WALK
36170189,110274,110274,4521273,work,1,False,2,shopping,4,2,18.0,WALK
36170190,110274,110274,4521273,work,2,False,2,Home,13,4,18.0,WALK
36998057,112798,112798,4624757,work,1,True,1,work,19,19,5.0,WALK
36998061,112798,112798,4624757,work,1,False,2,work,107,19,13.0,WALK
36998062,112798,112798,4624757,work,2,False,2,Home,19,107,17.0,WALK
37790177,115213,115213,4723772,work,1,True,1,work,101,40,6.0,WALK_LOC
37790181,115213,115213,4723772,work,1,False,1,Home,40,101,17.0,WALK_LOC
39762441,121226,121226,4970305,work,1,True,1,work,148,88,6.0,DRIVEALONEFREE
39762445,121226,121226,4970305,work,1,False,1,Home,88,148,14.0,DRIVEALONEFREE
41290921,125886,125886,5161365,work,1,True,2,othmaint,20,113,9.0,SHARED2FREE
41290922,125886,125886,5161365,work,2,True,2,work,17,20,9.0,SHARED2FREE
41290925,125886,125886,5161365,work,1,False,1,Home,113,17,20.0,SHARED2FREE
88713225,270467,230049,11089153,eatout,1,True,2,othdiscr,6,177,15.0,WALK_LRF
88713226,270467,230049,11089153,eatout,2,True,2,eatout,104,6,17.0,WALK_LRF
88713229,270467,230049,11089153,eatout,1,False,1,Home,177,104,18.0,WALK_LRF
88713441,270467,230049,11089180,shopping,1,True,2,eatout,166,177,20.0,BIKE
88713442,270467,230049,11089180,shopping,2,True,2,shopping,168,166,20.0,BIKE
88713445,270467,230049,11089180,shopping,1,False,1,Home,177,168,20.0,BIKE
107198913,326825,258228,13399864,work,1,True,1,work,41,42,7.0,DRIVEALONEFREE
107198917,326825,258228,13399864,work,1,False,1,Home,42,41,16.0,DRIVEALONEFREE
107199241,326826,258228,13399905,work,1,True,2,escort,74,42,8.0,DRIVEALONEFREE
107199242,326826,258228,13399905,work,2,True,2,work,133,74,8.0,DRIVEALONEFREE
107199245,326826,258228,13399905,work,1,False,1,Home,42,133,14.0,DRIVEALONEFREE
107478369,327677,258654,13434796,work,1,True,3,othmaint,74,64,9.0,WALK_LOC
107478370,327677,258654,13434796,work,2,True,3,eatout,47,74,9.0,WALK
107478371,327677,258654,13434796,work,3,True,3,work,71,47,11.0,WALK
107478373,327677,258654,13434796,work,1,False,1,Home,64,71,17.0,WALK_LOC
107478697,327678,258654,13434837,work,1,True,1,work,142,64,7.0,WALK_LOC
107478701,327678,258654,13434837,work,1,False,1,Home,64,142,17.0,WALK_LOC
137912177,420463,305047,17239022,work,1,True,1,work,11,58,17.0,WALK_LOC
137912181,420463,305047,17239022,work,1,False,1,Home,58,11,21.0,WALK_LOC
176039225,536704,350837,22004903,work,1,True,1,work,24,110,6.0,WALK_LRF
176039229,536704,350837,22004903,work,1,False,1,Home,110,24,15.0,WALK_LRF
176039553,536705,350837,22004944,work,1,True,1,work,115,110,17.0,WALK_LOC
176039557,536705,350837,22004944,work,1,False,1,Home,110,115,21.0,SHARED2FREE
176039753,536706,350837,22004969,atwork,1,True,1,atwork,16,18,9.0,WALK
176039757,536706,350837,22004969,atwork,1,False,2,escort,16,16,9.0,WALK
176039758,536706,350837,22004969,atwork,2,False,2,Work,18,16,9.0,WALK
176039881,536706,350837,22004985,work,1,True,1,work,18,110,7.0,WALK
176039885,536706,350837,22004985,work,1,False,1,Home,110,18,17.0,WALK_LRF
187232489,570830,362212,23404061,univ,1,True,1,univ,133,133,15.0,WALK
187232493,570830,362212,23404061,univ,1,False,2,social,133,133,17.0,WALK
187232494,570830,362212,23404061,univ,2,False,2,Home,133,133,18.0,WALK
187232553,570830,362212,23404069,work,1,True,1,work,182,133,7.0,DRIVEALONEFREE
187232557,570830,362212,23404069,work,1,False,2,eatout,5,182,10.0,DRIVEALONEFREE
187232558,570830,362212,23404069,work,2,False,2,Home,133,5,10.0,DRIVEALONEFREE
187232817,570831,362212,23404102,school,1,True,1,school,168,133,8.0,BIKE
187232821,570831,362212,23404102,school,1,False,1,Home,133,168,16.0,BIKE
256083641,780742,418532,32010455,shopping,1,True,1,shopping,128,149,8.0,TNC_SINGLE
256083645,780742,418532,32010455,shopping,1,False,2,shopping,109,128,9.0,TNC_SHARED
256083646,780742,418532,32010455,shopping,2,False,2,Home,149,109,9.0,DRIVEALONEFREE
256083665,780742,418532,32010458,social,1,True,1,social,14,149,10.0,WALK_LOC
256083669,780742,418532,32010458,social,1,False,1,Home,149,14,21.0,WALK_LRF
256083969,780743,418532,32010496,shopping,1,True,2,escort,139,149,18.0,SHARED2FREE
256083970,780743,418532,32010496,shopping,2,True,2,shopping,130,139,18.0,SHARED2FREE
256083973,780743,418532,32010496,shopping,1,False,2,shopping,103,130,19.0,SHARED2FREE
256083974,780743,418532,32010496,shopping,2,False,2,Home,149,103,19.0,SHARED2FREE
256084281,780744,418532,32010535,univ,1,True,3,eatout,92,149,16.0,WALK_LOC
256084282,780744,418532,32010535,univ,2,True,3,escort,136,92,16.0,WALK_LOC
256084283,780744,418532,32010535,univ,3,True,3,univ,133,136,18.0,TNC_SINGLE
256084285,780744,418532,32010535,univ,1,False,1,Home,149,133,19.0,WALK_LOC
256084345,780744,418532,32010543,work,1,True,1,work,153,149,8.0,SHARED2FREE
256084349,780744,418532,32010543,work,1,False,1,Home,149,153,15.0,SHARED2FREE
277536617,846148,431928,34692077,escort,1,True,1,escort,5,8,8.0,SHARED3FREE
277536621,846148,431928,34692077,escort,1,False,4,social,100,5,9.0,SHARED3FREE
277536622,846148,431928,34692077,escort,2,False,4,shopping,7,100,9.0,DRIVEALONEFREE
277536623,846148,431928,34692077,escort,3,False,4,escort,7,7,9.0,SHARED3FREE
277536624,846148,431928,34692077,escort,4,False,4,Home,8,7,9.0,SHARED3FREE
277536809,846148,431928,34692101,shopping,1,True,1,shopping,11,8,10.0,TAXI
277536813,846148,431928,34692101,shopping,1,False,2,social,27,11,12.0,TAXI
277536814,846148,431928,34692101,shopping,2,False,2,Home,8,27,13.0,TAXI
277537121,846149,431928,34692140,school,1,True,1,school,11,8,7.0,WALK
277537125,846149,431928,34692140,school,1,False,1,Home,8,11,14.0,WALK
277537449,846150,431928,34692181,school,1,True,1,school,106,8,7.0,WALK_LRF
277537453,846150,431928,34692181,school,1,False,1,Home,8,106,15.0,WALK_LOC
277537601,846151,431928,34692200,escort,1,True,2,escort,120,8,9.0,SHARED2FREE
277537602,846151,431928,34692200,escort,2,True,2,escort,33,120,9.0,SHARED2FREE
277537605,846151,431928,34692200,escort,1,False,1,Home,8,33,10.0,SHARED2FREE
317624033,968365,457267,39703004,work,1,True,1,work,115,89,8.0,DRIVEALONEFREE
317624037,968365,457267,39703004,work,1,False,1,Home,89,115,18.0,DRIVEALONEFREE
317624625,968367,457267,39703078,school,1,True,1,school,79,89,8.0,WALK_LRF
317624629,968367,457267,39703078,school,1,False,1,Home,89,79,15.0,WALK_LRF
317624953,968368,457267,39703119,school,1,True,1,school,91,89,8.0,SHARED3FREE
317624957,968368,457267,39703119,school,1,False,1,Home,89,91,15.0,WALK
317625281,968369,457267,39703160,school,1,True,1,school,78,89,7.0,WALK_LRF
317625285,968369,457267,39703160,school,1,False,1,Home,89,78,15.0,WALK_LRF
317625889,968371,457267,39703236,othdiscr,1,True,1,othdiscr,175,89,8.0,SHARED2FREE
317625893,968371,457267,39703236,othdiscr,1,False,1,Home,89,175,22.0,SHARED2FREE
317626265,968372,457267,39703283,school,1,True,1,school,9,89,16.0,WALK_LRF
317626269,968372,457267,39703283,school,1,False,1,Home,89,9,18.0,WALK_LRF
319293225,973454,458278,39911653,work,1,True,1,work,148,149,9.0,DRIVEALONEFREE
319293229,973454,458278,39911653,work,1,False,1,Home,149,148,17.0,DRIVEALONEFREE
319293489,973455,458278,39911686,school,1,True,1,school,149,149,7.0,SHARED3FREE
319293493,973455,458278,39911686,school,1,False,1,Home,149,149,16.0,WALK
319293817,973456,458278,39911727,school,1,True,1,school,149,149,8.0,WALK
319293821,973456,458278,39911727,school,1,False,1,Home,149,149,18.0,WALK
319294145,973457,458278,39911768,school,1,True,1,school,117,149,8.0,SHARED2FREE
319294149,973457,458278,39911768,school,1,False,1,Home,149,117,15.0,SHARED3FREE
395280569,1205123,508010,49410071,othmaint,1,True,1,othmaint,57,173,7.0,DRIVEALONEFREE
395280573,1205123,508010,49410071,othmaint,1,False,1,Home,173,57,10.0,DRIVEALONEFREE
395280609,1205123,508010,49410076,shopping,1,True,1,shopping,19,173,12.0,WALK_LOC
395280613,1205123,508010,49410076,shopping,1,False,2,shopping,25,19,17.0,WALK_LOC
395280614,1205123,508010,49410076,shopping,2,False,2,Home,173,25,17.0,WALK_LOC
414816249,1264683,567570,51852031,othmaint,1,True,1,othmaint,139,10,15.0,DRIVEALONEFREE
414816253,1264683,567570,51852031,othmaint,1,False,1,Home,10,139,15.0,DRIVEALONEFREE
416401513,1269516,572403,52050189,shopping,1,True,1,shopping,103,30,17.0,WALK_LRF
416401517,1269516,572403,52050189,shopping,1,False,1,Home,30,103,19.0,WALK_LRF
417151785,1271804,574691,52143973,escort,1,True,1,escort,21,38,12.0,SHARED2FREE
417151789,1271804,574691,52143973,escort,1,False,1,Home,38,21,13.0,DRIVEALONEFREE
418266129,1275201,578088,52283266,othdiscr,1,True,1,othdiscr,70,51,12.0,WALK_LOC
418266133,1275201,578088,52283266,othdiscr,1,False,1,Home,51,70,16.0,SHARED2FREE
418922961,1277204,580091,52365370,eatout,1,True,1,eatout,21,69,16.0,SHARED2FREE
418922965,1277204,580091,52365370,eatout,1,False,1,Home,69,21,18.0,DRIVEALONEFREE
420453625,1281870,584757,52556703,shopping,1,True,1,shopping,93,89,12.0,TAXI
420453629,1281870,584757,52556703,shopping,1,False,1,Home,89,93,12.0,TNC_SHARED
422179825,1287133,590020,52772478,othdiscr,1,True,1,othdiscr,14,176,7.0,WALK_LOC
422179829,1287133,590020,52772478,othdiscr,1,False,1,Home,176,14,18.0,WALK_LOC
444737153,1355905,658792,55592144,work,1,True,1,work,9,17,8.0,WALK_LRF
444737157,1355905,658792,55592144,work,1,False,1,Home,17,9,18.0,WALK_LRF
484199441,1476217,727893,60524930,shopping,1,True,1,shopping,16,8,15.0,WALK
484199445,1476217,727893,60524930,shopping,1,False,1,Home,8,16,19.0,WALK
484199489,1476217,727893,60524936,work,1,True,2,escort,8,8,8.0,WALK
484199490,1476217,727893,60524936,work,2,True,2,work,9,8,10.0,WALK
484199493,1476217,727893,60524936,work,1,False,3,social,31,9,11.0,WALK
484199494,1476217,727893,60524936,work,2,False,3,escort,33,31,12.0,WALK
484199495,1476217,727893,60524936,work,3,False,3,Home,8,33,13.0,WALK
519393625,1583517,774737,64924203,eatout,1,True,1,eatout,139,181,16.0,DRIVEALONEFREE
519393629,1583517,774737,64924203,eatout,1,False,1,Home,181,139,16.0,DRIVEALONEFREE
535802657,1633544,824764,66975332,othmaint,1,True,1,othmaint,33,28,10.0,WALK
535802661,1633544,824764,66975332,othmaint,1,False,1,Home,28,33,18.0,WALK
536282001,1635006,826226,67035250,atwork,1,True,2,othmaint,114,10,10.0,WALK
536282002,1635006,826226,67035250,atwork,2,True,2,atwork,112,114,10.0,WALK
536282005,1635006,826226,67035250,atwork,1,False,1,Work,10,112,13.0,WALK
536282257,1635006,826226,67035282,social,1,True,1,social,22,32,9.0,WALK
536282261,1635006,826226,67035282,social,1,False,1,Home,32,22,9.0,WALK
536282281,1635006,826226,67035285,work,1,True,2,eatout,39,32,9.0,WALK_LOC
536282282,1635006,826226,67035285,work,2,True,2,work,10,39,9.0,WALK_LOC
536282285,1635006,826226,67035285,work,1,False,2,eatout,9,10,19.0,WALK_LOC
536282286,1635006,826226,67035285,work,2,False,2,Home,32,9,20.0,WALK
537382769,1638362,829582,67172846,atwork,1,True,1,atwork,5,27,13.0,WALK
537382773,1638362,829582,67172846,atwork,1,False,2,work,26,5,13.0,WALK
537382774,1638362,829582,67172846,atwork,2,False,2,Work,27,26,13.0,WALK
537383049,1638362,829582,67172881,work,1,True,1,work,27,46,7.0,WALK
537383053,1638362,829582,67172881,work,1,False,1,Home,46,27,18.0,WALK
538723649,1642450,833670,67340456,eatout,1,True,1,eatout,34,73,17.0,WALK
538723653,1642450,833670,67340456,eatout,1,False,1,Home,73,34,17.0,WALK
538723913,1642450,833670,67340489,work,1,True,1,work,14,73,7.0,WALK_LOC
538723917,1642450,833670,67340489,work,1,False,1,Home,73,14,16.0,WALK_LOC
541420401,1650671,841891,67677550,work,1,True,1,work,2,126,6.0,WALK_HVY
541420405,1650671,841891,67677550,work,1,False,1,Home,126,2,16.0,WALK_HVY
592858673,1807495,948762,74107334,work,1,True,1,work,56,60,6.0,WALK_LOC
592858677,1807495,948762,74107334,work,1,False,1,Home,60,56,17.0,WALK_LOC
592859001,1807496,948762,74107375,work,1,True,1,work,171,60,6.0,WALK_LRF
592859005,1807496,948762,74107375,work,1,False,1,Home,60,171,17.0,WALK_LOC
594065057,1811173,950601,74258132,work,1,True,1,work,9,184,5.0,WALK_LRF
594065061,1811173,950601,74258132,work,1,False,2,eatout,12,9,20.0,WALK_LRF
594065062,1811173,950601,74258132,work,2,False,2,Home,184,12,20.0,WALK_LRF
594065385,1811174,950601,74258173,work,1,True,1,work,1,184,8.0,WALK_LRF
594065389,1811174,950601,74258173,work,1,False,1,Home,184,1,19.0,WALK_LRF
616876145,1880719,985374,77109518,work,1,True,1,work,97,62,10.0,DRIVEALONEFREE
616876149,1880719,985374,77109518,work,1,False,2,escort,65,97,18.0,SHARED2FREE
616876150,1880719,985374,77109518,work,2,False,2,Home,62,65,19.0,WALK
616876473,1880720,985374,77109559,work,1,True,1,work,10,62,6.0,WALK_LRF
616876477,1880720,985374,77109559,work,1,False,1,Home,62,10,17.0,WALK_LOC
617915137,1883887,986958,77239392,othdiscr,1,True,2,shopping,11,83,10.0,SHARED3FREE
617915138,1883887,986958,77239392,othdiscr,2,True,2,othdiscr,73,11,10.0,SHARED3FREE
617915141,1883887,986958,77239392,othdiscr,1,False,4,othmaint,41,73,10.0,SHARED3FREE
617915142,1883887,986958,77239392,othdiscr,2,False,4,othdiscr,79,41,10.0,SHARED3FREE
617915143,1883887,986958,77239392,othdiscr,3,False,4,shopping,104,79,10.0,SHARED3FREE
617915144,1883887,986958,77239392,othdiscr,4,False,4,Home,83,104,10.0,SHARED3FREE
617915201,1883887,986958,77239400,shopping,1,True,1,shopping,172,83,16.0,WALK_LRF
617915205,1883887,986958,77239400,shopping,1,False,1,Home,83,172,16.0,WALK_LRF
617915225,1883887,986958,77239403,social,1,True,1,social,20,83,16.0,WALK_LRF
617915229,1883887,986958,77239403,social,1,False,1,Home,83,20,19.0,WALK_LRF
617915297,1883888,986958,77239412,atwork,1,True,2,eatout,2,12,10.0,WALK
617915298,1883888,986958,77239412,atwork,2,True,2,atwork,16,2,10.0,WALK
617915301,1883888,986958,77239412,atwork,1,False,1,Work,12,16,10.0,WALK
617915577,1883888,986958,77239447,work,1,True,1,work,12,83,7.0,WALK_LRF
617915581,1883888,986958,77239447,work,1,False,1,Home,83,12,17.0,WALK_LRF
618812657,1886623,988326,77351582,work,1,True,1,work,142,96,8.0,DRIVEALONEFREE
618812661,1886623,988326,77351582,work,1,False,1,Home,96,142,16.0,SHARED2FREE
618812721,1886624,988326,77351590,eatout,1,True,1,eatout,130,96,19.0,WALK
618812725,1886624,988326,77351590,eatout,1,False,2,shopping,129,130,20.0,WALK
618812726,1886624,988326,77351590,eatout,2,False,2,Home,96,129,21.0,WALK
618812873,1886624,988326,77351609,othdiscr,1,True,1,othdiscr,93,96,12.0,DRIVEALONEFREE
618812877,1886624,988326,77351609,othdiscr,1,False,1,Home,96,93,14.0,DRIVEALONEFREE
618812937,1886624,988326,77351617,shopping,1,True,1,shopping,183,96,10.0,DRIVEALONEFREE
618812941,1886624,988326,77351617,shopping,1,False,1,Home,96,183,12.0,DRIVEALONEFREE
620480817,1891709,990869,77560102,shopping,1,True,1,shopping,16,134,16.0,TNC_SHARED
620480821,1891709,990869,77560102,shopping,1,False,1,Home,134,16,16.0,DRIVEALONEFREE
620480865,1891709,990869,77560108,work,1,True,1,work,71,134,6.0,DRIVEALONEFREE
620480869,1891709,990869,77560108,work,1,False,1,Home,134,71,15.0,DRIVEALONEFREE
620481145,1891710,990869,77560143,shopping,1,True,1,shopping,175,134,10.0,SHARED2FREE
620481149,1891710,990869,77560143,shopping,1,False,2,eatout,136,175,10.0,SHARED2FREE
620481150,1891710,990869,77560143,shopping,2,False,2,Home,134,136,10.0,SHARED2FREE
620481153,1891710,990869,77560144,shopping,1,True,1,shopping,98,134,15.0,TNC_SINGLE
620481157,1891710,990869,77560144,shopping,1,False,3,othmaint,92,98,15.0,TNC_SINGLE
620481158,1891710,990869,77560144,shopping,2,False,3,social,112,92,15.0,TNC_SHARED
620481159,1891710,990869,77560144,shopping,3,False,3,Home,134,112,15.0,DRIVEALONEFREE
620481193,1891710,990869,77560149,work,1,True,1,work,17,134,16.0,WALK_HVY
620481197,1891710,990869,77560149,work,1,False,1,Home,134,17,22.0,WALK_LRF
670621569,2044577,1061466,83827696,work,1,True,1,work,24,167,8.0,WALK_LOC
670621573,2044577,1061466,83827696,work,1,False,1,Home,167,24,17.0,WALK_LRF
670621633,2044578,1061466,83827704,eatout,1,True,1,eatout,164,167,9.0,WALK
670621637,2044578,1061466,83827704,eatout,1,False,1,Home,167,164,10.0,WALK
670622225,2044579,1061466,83827778,work,1,True,1,work,133,167,7.0,DRIVEALONEFREE
670622229,2044579,1061466,83827778,work,1,False,1,Home,167,133,20.0,DRIVEALONEFREE
670741337,2044943,1061588,83842667,atwork,1,True,1,atwork,5,83,13.0,SHARED2FREE
670741341,2044943,1061588,83842667,atwork,1,False,1,Work,83,5,13.0,SHARED2FREE
670741617,2044943,1061588,83842702,work,1,True,1,work,83,179,13.0,DRIVEALONEFREE
670741621,2044943,1061588,83842702,work,1,False,2,work,123,83,17.0,DRIVEALONEFREE
670741622,2044943,1061588,83842702,work,2,False,2,Home,179,123,18.0,DRIVEALONEFREE
670741993,2044945,1061588,83842749,atwork,1,True,1,atwork,13,8,12.0,WALK
670741997,2044945,1061588,83842749,atwork,1,False,1,Work,8,13,13.0,WALK
670742273,2044945,1061588,83842784,work,1,True,1,work,8,179,12.0,WALK_LOC
670742277,2044945,1061588,83842784,work,1,False,1,Home,179,8,21.0,WALK_LRF
679536345,2071757,1070526,84942043,eatout,1,True,1,eatout,47,84,10.0,WALK_LOC
679536349,2071757,1070526,84942043,eatout,1,False,1,Home,84,47,21.0,WALK_LOC
679536873,2071758,1070526,84942109,school,1,True,1,school,188,84,8.0,WALK_LRF
679536877,2071758,1070526,84942109,school,1,False,1,Home,84,188,12.0,WALK_LRF
679537265,2071759,1070526,84942158,work,1,True,1,work,25,84,7.0,WALK_LOC
679537269,2071759,1070526,84942158,work,1,False,1,Home,84,25,18.0,WALK_LOC
691237353,2107430,1082417,86404669,work,1,True,1,work,2,128,8.0,WALK_LRF
691237357,2107430,1082417,86404669,work,1,False,1,Home,128,2,17.0,WALK_LRF
691237681,2107431,1082417,86404710,work,1,True,1,work,177,128,7.0,WALK_LRF
691237685,2107431,1082417,86404710,work,1,False,1,Home,128,177,18.0,WALK_LOC
691238009,2107432,1082417,86404751,work,1,True,1,work,1,128,7.0,WALK_LRF
691238013,2107432,1082417,86404751,work,1,False,1,Home,128,1,19.0,WALK_LRF
708477033,2159990,1099937,88559629,work,1,True,1,work,43,58,9.0,DRIVEALONEFREE
708477037,2159990,1099937,88559629,work,1,False,1,Home,58,43,17.0,DRIVEALONEFREE
708477297,2159991,1099937,88559662,school,1,True,1,school,185,58,8.0,DRIVEALONEFREE
708477301,2159991,1099937,88559662,school,1,False,2,escort,185,185,13.0,DRIVEALONEFREE
708477302,2159991,1099937,88559662,school,2,False,2,Home,58,185,18.0,DRIVEALONEFREE
708477625,2159992,1099937,88559703,school,1,True,1,school,57,58,7.0,WALK
708477629,2159992,1099937,88559703,school,1,False,1,Home,58,57,11.0,SHARED3FREE
708477633,2159992,1099937,88559704,school,1,True,2,escort,57,58,11.0,WALK
708477634,2159992,1099937,88559704,school,2,True,2,school,57,57,12.0,WALK
708477637,2159992,1099937,88559704,school,1,False,2,escort,58,57,18.0,WALK
708477638,2159992,1099937,88559704,school,2,False,2,Home,58,58,18.0,WALK
806388265,2458500,1173905,100798533,shopping,1,True,1,shopping,63,8,10.0,SHARED2FREE
806388269,2458500,1173905,100798533,shopping,1,False,1,Home,8,63,14.0,SHARED2FREE
806388593,2458501,1173905,100798574,shopping,1,True,1,shopping,14,8,10.0,SHARED2FREE
806388597,2458501,1173905,100798574,shopping,1,False,2,othmaint,31,14,11.0,SHARED2FREE
806388598,2458501,1173905,100798574,shopping,2,False,2,Home,8,31,11.0,SHARED2FREE
806388881,2458502,1173905,100798610,othmaint,1,True,2,shopping,7,8,10.0,WALK
806388882,2458502,1173905,100798610,othmaint,2,True,2,othmaint,7,7,12.0,WALK
806388885,2458502,1173905,100798610,othmaint,1,False,2,shopping,32,7,21.0,WALK
806388886,2458502,1173905,100798610,othmaint,2,False,2,Home,8,32,21.0,WALK
806389233,2458503,1173905,100798654,school,1,True,1,school,100,8,7.0,WALK_HVY
806389237,2458503,1173905,100798654,school,1,False,1,Home,8,100,15.0,WALK_HVY
956640473,2916586,1266295,119580059,shopping,1,True,1,shopping,2,63,6.0,DRIVEALONEFREE
956640477,2916586,1266295,119580059,shopping,1,False,4,shopping,16,2,6.0,WALK
956640478,2916586,1266295,119580059,shopping,2,False,4,shopping,81,16,6.0,DRIVEALONEFREE
956640479,2916586,1266295,119580059,shopping,3,False,4,othmaint,87,81,6.0,DRIVEALONEFREE
956640480,2916586,1266295,119580059,shopping,4,False,4,Home,63,87,6.0,TNC_SHARED
956640481,2916586,1266295,119580060,shopping,1,True,2,othmaint,70,63,13.0,DRIVEALONEFREE
956640482,2916586,1266295,119580060,shopping,2,True,2,shopping,65,70,14.0,DRIVEALONEFREE
956640485,2916586,1266295,119580060,shopping,1,False,1,Home,63,65,14.0,DRIVEALONEFREE
970245633,2958065,1307774,121280704,work,1,True,1,work,32,32,8.0,WALK
970245637,2958065,1307774,121280704,work,1,False,1,Home,32,32,17.0,WALK
970627817,2959231,1308940,121328477,eatout,1,True,1,eatout,36,51,15.0,WALK
970627821,2959231,1308940,121328477,eatout,1,False,1,Home,51,36,16.0,WALK
970628081,2959231,1308940,121328510,work,1,True,1,work,15,51,6.0,WALK_LOC
970628085,2959231,1308940,121328510,work,1,False,1,Home,51,15,15.0,WALK_LRF
1061770097,3237103,1448863,132721262,work,1,True,1,work,7,46,6.0,WALK_LOC
1061770101,3237103,1448863,132721262,work,1,False,1,Home,46,7,20.0,WALK
1062210321,3238446,1450206,132776290,atwork,1,True,1,atwork,13,2,13.0,WALK
1062210325,3238446,1450206,132776290,atwork,1,False,1,Work,2,13,13.0,WALK
1062210337,3238446,1450206,132776292,eatout,1,True,1,eatout,70,62,15.0,SHARED2FREE
1062210341,3238446,1450206,132776292,eatout,1,False,1,Home,62,70,17.0,DRIVEALONEFREE
1062210601,3238446,1450206,132776325,work,1,True,1,work,2,62,7.0,WALK_LOC
1062210605,3238446,1450206,132776325,work,1,False,1,Home,62,2,13.0,WALK_LOC
1062705113,3239954,1451714,132838139,othdiscr,1,True,1,othdiscr,108,79,11.0,SHARED3FREE
1062705117,3239954,1451714,132838139,othdiscr,1,False,3,shopping,188,108,11.0,DRIVEALONEFREE
1062705118,3239954,1451714,132838139,othdiscr,2,False,3,othmaint,169,188,11.0,SHARED3FREE
1062705119,3239954,1451714,132838139,othdiscr,3,False,3,Home,79,169,11.0,SHARED3FREE
1062705225,3239954,1451714,132838153,work,1,True,1,work,9,79,12.0,WALK
1062705229,3239954,1451714,132838153,work,1,False,1,Home,79,9,21.0,WALK
1062779241,3240180,1451940,132847405,othdiscr,1,True,2,escort,9,81,15.0,TNC_SHARED
1062779242,3240180,1451940,132847405,othdiscr,2,True,2,othdiscr,8,9,15.0,TNC_SHARED
1062779245,3240180,1451940,132847405,othdiscr,1,False,1,Home,81,8,15.0,TNC_SINGLE
1062779249,3240180,1451940,132847406,othdiscr,1,True,1,othdiscr,22,81,18.0,WALK_LRF
1062779253,3240180,1451940,132847406,othdiscr,1,False,1,Home,81,22,20.0,WALK_LRF
1092072265,3329488,1511694,136509033,othdiscr,1,True,1,othdiscr,26,46,17.0,WALK
1092072269,3329488,1511694,136509033,othdiscr,1,False,1,Home,46,26,17.0,WALK
1092072289,3329488,1511694,136509036,othmaint,1,True,1,othmaint,24,46,17.0,WALK
1092072293,3329488,1511694,136509036,othmaint,1,False,1,Home,46,24,20.0,WALK
1092072329,3329488,1511694,136509041,shopping,1,True,1,shopping,11,46,10.0,SHARED2FREE
1092072333,3329488,1511694,136509041,shopping,1,False,2,shopping,44,11,16.0,SHARED2FREE
1092072334,3329488,1511694,136509041,shopping,2,False,2,Home,46,44,17.0,SHARED2FREE
1092072577,3329489,1511694,136509072,atwork,1,True,1,atwork,52,52,13.0,WALK
1092072581,3329489,1511694,136509072,atwork,1,False,1,Work,52,52,13.0,DRIVEALONEFREE
1092072705,3329489,1511694,136509088,work,1,True,1,work,52,46,11.0,DRIVEALONEFREE
1092072709,3329489,1511694,136509088,work,1,False,1,Home,46,52,21.0,DRIVEALONEFREE
1150487209,3507582,1600741,143810901,work,1,True,1,work,6,73,7.0,WALK_LOC
1150487213,3507582,1600741,143810901,work,1,False,1,Home,73,6,17.0,WALK
1150487513,3507583,1600741,143810939,social,1,True,1,social,82,73,18.0,BIKE
1150487517,3507583,1600741,143810939,social,1,False,1,Home,73,82,21.0,BIKE
1150487537,3507583,1600741,143810942,work,1,True,1,work,110,73,8.0,WALK_LRF
1150487541,3507583,1600741,143810942,work,1,False,1,Home,73,110,16.0,WALK_LOC
1151902545,3511898,1602899,143987818,atwork,1,True,1,atwork,39,71,12.0,WALK
1151902549,3511898,1602899,143987818,atwork,1,False,1,Work,71,39,14.0,WALK
1151902857,3511898,1602899,143987857,work,1,True,1,work,71,89,5.0,DRIVEALONEFREE
1151902861,3511898,1602899,143987857,work,1,False,1,Home,89,71,17.0,SHARED3FREE
1151903185,3511899,1602899,143987898,work,1,True,1,work,1,89,5.0,WALK_LRF
1151903189,3511899,1602899,143987898,work,1,False,1,Home,89,1,23.0,WALK_LRF
1153480537,3516708,1605304,144185067,work,1,True,1,work,74,105,12.0,WALK_LOC
1153480541,3516708,1605304,144185067,work,1,False,1,Home,105,74,21.0,WALK_LOC
1153480753,3516709,1605304,144185094,othdiscr,1,True,2,othdiscr,9,105,18.0,WALK_LOC
1153480754,3516709,1605304,144185094,othdiscr,2,True,2,othdiscr,7,9,18.0,WALK
1153480757,3516709,1605304,144185094,othdiscr,1,False,1,Home,105,7,20.0,WALK_HVY
1153480865,3516709,1605304,144185108,work,1,True,1,work,22,105,7.0,WALK_LRF
1153480869,3516709,1605304,144185108,work,1,False,1,Home,105,22,16.0,WALK_LRF
1154360801,3519392,1606646,144295100,othmaint,1,True,1,othmaint,100,122,14.0,WALK
1154360805,3519392,1606646,144295100,othmaint,1,False,1,Home,122,100,14.0,WALK
1154360841,3519392,1606646,144295105,shopping,1,True,1,shopping,16,122,9.0,WALK_HVY
1154360845,3519392,1606646,144295105,shopping,1,False,1,Home,122,16,14.0,WALK_HVY
1154360937,3519393,1606646,144295117,atwork,1,True,1,atwork,33,143,7.0,WALK_LRF
1154360941,3519393,1606646,144295117,atwork,1,False,1,Work,143,33,7.0,WALK_LOC
1154361217,3519393,1606646,144295152,work,1,True,1,work,143,122,5.0,DRIVEALONEFREE
1154361221,3519393,1606646,144295152,work,1,False,2,work,144,143,18.0,DRIVEALONEFREE
1154361222,3519393,1606646,144295152,work,2,False,2,Home,122,144,18.0,DRIVEALONEFREE
1180022905,3597630,1645765,147502863,shopping,1,True,3,shopping,128,102,21.0,SHARED2FREE
1180022906,3597630,1645765,147502863,shopping,2,True,3,othdiscr,150,128,21.0,SHARED2FREE
1180022907,3597630,1645765,147502863,shopping,3,True,3,shopping,187,150,21.0,SHARED2FREE
1180022909,3597630,1645765,147502863,shopping,1,False,1,Home,102,187,21.0,SHARED2FREE
1180022953,3597630,1645765,147502869,work,1,True,1,work,22,102,7.0,TNC_SHARED
1180022957,3597630,1645765,147502869,work,1,False,1,Home,102,22,18.0,WALK_LRF
1180023217,3597631,1645765,147502902,school,1,True,1,school,66,102,9.0,WALK_LOC
1180023221,3597631,1645765,147502902,school,1,False,1,Home,102,66,16.0,WALK_LOC
1215866809,3706911,1686070,151983351,atwork,1,True,1,atwork,11,56,11.0,DRIVEALONEFREE
1215866813,3706911,1686070,151983351,atwork,1,False,1,Work,56,11,11.0,DRIVEALONEFREE
1215867121,3706911,1686070,151983390,work,1,True,2,escort,166,185,5.0,DRIVEALONEFREE
1215867122,3706911,1686070,151983390,work,2,True,2,work,56,166,6.0,DRIVEALONEFREE
1215867125,3706911,1686070,151983390,work,1,False,1,Home,185,56,12.0,DRIVEALONEFREE
1215867449,3706912,1686070,151983431,work,1,True,1,work,115,185,9.0,SHARED2FREE
1215867453,3706912,1686070,151983431,work,1,False,1,Home,185,115,18.0,WALK_LOC
1215867777,3706913,1686070,151983472,work,1,True,3,escort,52,185,8.0,DRIVEALONEFREE
1215867778,3706913,1686070,151983472,work,2,True,3,escort,87,52,9.0,DRIVEALONEFREE
1215867779,3706913,1686070,151983472,work,3,True,3,work,69,87,9.0,DRIVEALONEFREE
1215867781,3706913,1686070,151983472,work,1,False,3,escort,62,69,18.0,DRIVEALONEFREE
1215867782,3706913,1686070,151983472,work,2,False,3,escort,74,62,19.0,DRIVEALONEFREE
1215867783,3706913,1686070,151983472,work,3,False,3,Home,185,74,19.0,DRIVEALONEFREE
1229908801,3749721,1700340,153738600,work,1,True,1,work,111,54,7.0,SHARED2FREE
1229908805,3749721,1700340,153738600,work,1,False,1,Home,54,111,16.0,SHARED2FREE
1229908849,3749722,1700340,153738606,atwork,1,True,1,atwork,115,4,13.0,SHARED2FREE
1229908853,3749722,1700340,153738606,atwork,1,False,1,Work,4,115,13.0,SHARED2FREE
1229909129,3749722,1700340,153738641,work,1,True,1,work,4,54,7.0,WALK_LOC
1229909133,3749722,1700340,153738641,work,1,False,1,Home,54,4,18.0,WALK_LOC
1229909345,3749723,1700340,153738668,othdiscr,1,True,2,eatout,53,54,12.0,DRIVEALONEFREE
1229909346,3749723,1700340,153738668,othdiscr,2,True,2,othdiscr,165,53,16.0,SHARED3FREE
1229909349,3749723,1700340,153738668,othdiscr,1,False,2,othmaint,47,165,21.0,SHARED3FREE
1229909350,3749723,1700340,153738668,othdiscr,2,False,2,Home,54,47,21.0,SHARED3FREE
1229909353,3749723,1700340,153738669,othdiscr,1,True,1,othdiscr,20,54,21.0,SHARED2FREE
1229909357,3749723,1700340,153738669,othdiscr,1,False,1,Home,54,20,22.0,DRIVEALONEFREE
1251143241,3814461,1721920,156392905,atwork,1,True,2,work,7,15,12.0,WALK
1251143242,3814461,1721920,156392905,atwork,2,True,2,atwork,29,7,12.0,WALK
1251143245,3814461,1721920,156392905,atwork,1,False,1,Work,15,29,13.0,WALK
1251143521,3814461,1721920,156392940,work,1,True,2,othmaint,85,80,7.0,DRIVEALONEFREE
1251143522,3814461,1721920,156392940,work,2,True,2,work,15,85,8.0,DRIVEALONEFREE
1251143525,3814461,1721920,156392940,work,1,False,1,Home,80,15,16.0,SHARED2FREE
1251143849,3814462,1721920,156392981,work,1,True,1,work,107,80,7.0,WALK
1251143853,3814462,1721920,156392981,work,1,False,1,Home,80,107,20.0,WALK
1251144113,3814463,1721920,156393014,school,1,True,1,school,78,80,9.0,WALK
1251144117,3814463,1721920,156393014,school,1,False,1,Home,80,78,15.0,WALK
1251227881,3814719,1722006,156403485,eatout,1,True,1,eatout,98,95,11.0,WALK
1251227885,3814719,1722006,156403485,eatout,1,False,1,Home,95,98,13.0,WALK
1251228033,3814719,1722006,156403504,othdiscr,1,True,1,othdiscr,104,95,14.0,WALK
1251228037,3814719,1722006,156403504,othdiscr,1,False,1,Home,95,104,18.0,WALK
1251228121,3814719,1722006,156403515,social,1,True,2,escort,107,95,19.0,TNC_SINGLE
1251228122,3814719,1722006,156403515,social,2,True,2,social,75,107,19.0,WALK
1251228125,3814719,1722006,156403515,social,1,False,1,Home,95,75,21.0,TAXI
1251228473,3814720,1722006,156403559,work,1,True,1,work,36,95,8.0,WALK_LOC
1251228477,3814720,1722006,156403559,work,1,False,2,othdiscr,47,36,17.0,WALK_LOC
1251228478,3814720,1722006,156403559,work,2,False,2,Home,95,47,21.0,WALK_LOC
1251228737,3814721,1722006,156403592,school,1,True,1,school,102,95,7.0,WALK_LOC
1251228741,3814721,1722006,156403592,school,1,False,1,Home,95,102,14.0,WALK_LRF
1277278321,3894141,1748480,159659790,escort,1,True,1,escort,30,68,8.0,SHARED3FREE
1277278325,3894141,1748480,159659790,escort,1,False,2,shopping,111,30,8.0,SHARED2FREE
1277278326,3894141,1748480,159659790,escort,2,False,2,Home,68,111,9.0,DRIVEALONEFREE
1277278561,3894141,1748480,159659820,work,1,True,1,work,74,68,9.0,DRIVEALONEFREE
1277278565,3894141,1748480,159659820,work,1,False,1,Home,68,74,18.0,DRIVEALONEFREE
1277278777,3894142,1748480,159659847,othdiscr,1,True,1,othdiscr,67,68,10.0,WALK
1277278781,3894142,1748480,159659847,othdiscr,1,False,2,othdiscr,67,67,13.0,WALK
1277278782,3894142,1748480,159659847,othdiscr,2,False,2,Home,68,67,13.0,WALK
1277278977,3894143,1748480,159659872,escort,1,True,1,escort,69,68,11.0,SHARED3FREE
1277278981,3894143,1748480,159659872,escort,1,False,1,Home,68,69,11.0,SHARED3FREE
1285744617,3919953,1757084,160718077,atwork,1,True,1,atwork,20,21,12.0,WALK
1285744621,3919953,1757084,160718077,atwork,1,False,1,Work,21,20,12.0,WALK
1285744897,3919953,1757084,160718112,work,1,True,1,work,21,70,5.0,WALK_LOC
1285744901,3919953,1757084,160718112,work,1,False,2,work,10,21,12.0,WALK
1285744902,3919953,1757084,160718112,work,2,False,2,Home,70,10,12.0,WALK_LOC
1285744905,3919953,1757084,160718113,work,1,True,1,work,21,70,13.0,WALK_LOC
1285744909,3919953,1757084,160718113,work,1,False,1,Home,70,21,19.0,WALK_LOC
1285745225,3919954,1757084,160718153,work,1,True,1,work,111,70,7.0,WALK_LOC
1285745229,3919954,1757084,160718153,work,1,False,1,Home,70,111,17.0,WALK_LOC
1285745489,3919955,1757084,160718186,school,1,True,1,school,130,70,9.0,SHARED3FREE
1285745493,3919955,1757084,160718186,school,1,False,1,Home,70,130,19.0,WALK_LOC
1387141985,4229093,1821179,173392748,othmaint,1,True,1,othmaint,13,37,19.0,TNC_SHARED
1387141989,4229093,1821179,173392748,othmaint,1,False,1,Home,37,13,21.0,TNC_SHARED
1387142113,4229091,1821179,173392764,shopping,1,True,2,escort,10,37,15.0,TNC_SINGLE
1387142114,4229091,1821179,173392764,shopping,2,True,2,shopping,21,10,16.0,TAXI
1387142117,4229091,1821179,173392764,shopping,1,False,1,Home,37,21,16.0,TNC_SHARED
1387142377,4229092,1821179,173392797,othdiscr,1,True,1,othdiscr,122,37,17.0,TNC_SHARED
1387142381,4229092,1821179,173392797,othdiscr,1,False,2,social,37,122,19.0,TNC_SINGLE
1387142382,4229092,1821179,173392797,othdiscr,2,False,2,Home,37,37,19.0,TAXI
1387142577,4229093,1821179,173392822,escort,1,True,1,escort,31,37,6.0,WALK
1387142581,4229093,1821179,173392822,escort,1,False,1,Home,37,31,6.0,WALK
1387142753,4229093,1821179,173392844,school,1,True,1,school,49,37,7.0,TNC_SHARED
1387142757,4229093,1821179,173392844,school,1,False,3,eatout,110,49,17.0,TNC_SINGLE
1387142758,4229093,1821179,173392844,school,2,False,3,shopping,25,110,16.0,TNC_SHARED
1387142759,4229093,1821179,173392844,school,3,False,3,Home,37,25,17.0,TNC_SHARED
1387143081,4229094,1821179,173392885,school,1,True,1,school,37,37,16.0,WALK
1387143085,4229094,1821179,173392885,school,1,False,1,Home,37,37,19.0,WALK
1519613705,4632968,1908579,189951713,othdiscr,1,True,1,othdiscr,175,165,14.0,DRIVEALONEFREE
1519613709,4632968,1908579,189951713,othdiscr,1,False,2,escort,179,175,16.0,SHARED3FREE
1519613710,4632968,1908579,189951713,othdiscr,2,False,2,Home,165,179,16.0,SHARED3FREE
1519613905,4632969,1908579,189951738,escort,1,True,1,escort,133,165,5.0,SHARED3FREE
1519613909,4632969,1908579,189951738,escort,1,False,1,Home,165,133,6.0,DRIVEALONEFREE
1519614145,4632969,1908579,189951768,work,1,True,1,work,24,165,7.0,WALK_LOC
1519614149,4632969,1908579,189951768,work,1,False,1,Home,165,24,18.0,WALK_LOC
1519614409,4632970,1908579,189951801,univ,1,True,1,univ,188,165,16.0,SHARED2FREE
1519614413,4632970,1908579,189951801,univ,1,False,1,Home,165,188,17.0,DRIVEALONEFREE
1519614473,4632970,1908579,189951809,work,1,True,1,work,116,165,8.0,WALK_LOC
1519614477,4632970,1908579,189951809,work,1,False,1,Home,165,116,13.0,WALK_LOC
1519614777,4632971,1908579,189951847,social,1,True,1,social,24,165,16.0,WALK_LRF
1519614781,4632971,1908579,189951847,social,1,False,1,Home,165,24,21.0,WALK_LRF
1519615129,4632972,1908579,189951891,work,1,True,1,work,22,165,7.0,WALK_HVY
1519615133,4632972,1908579,189951891,work,1,False,1,Home,165,22,16.0,TNC_SHARED
1608329289,4903442,1994016,201041161,work,1,True,1,work,20,68,8.0,DRIVEALONEFREE
1608329293,4903442,1994016,201041161,work,1,False,1,Home,68,20,13.0,SHARED3FREE
1608329297,4903442,1994016,201041162,work,1,True,1,work,20,68,14.0,WALK_LOC
1608329301,4903442,1994016,201041162,work,1,False,4,othmaint,10,20,16.0,WALK
1608329302,4903442,1994016,201041162,work,2,False,4,work,13,10,17.0,WALK
1608329303,4903442,1994016,201041162,work,3,False,4,work,21,13,17.0,WALK
1608329304,4903442,1994016,201041162,work,4,False,4,Home,68,21,17.0,WALK_LOC
1608329617,4903443,1994016,201041202,work,1,True,1,work,7,68,12.0,WALK_LOC
1608329621,4903443,1994016,201041202,work,1,False,1,Home,68,7,17.0,WALK_LOC
1649813089,5029917,2025282,206226636,work,1,True,1,work,2,17,9.0,TNC_SHARED
1649813093,5029917,2025282,206226636,work,1,False,1,Home,17,2,18.0,BIKE
1649813417,5029918,2025282,206226677,work,1,True,2,work,18,17,9.0,BIKE
1649813418,5029918,2025282,206226677,work,2,True,2,work,110,18,11.0,BIKE
1649813421,5029918,2025282,206226677,work,1,False,1,Home,17,110,19.0,BIKE
1649814025,5029920,2025282,206226753,shopping,1,True,1,shopping,14,17,13.0,WALK
1649814029,5029920,2025282,206226753,shopping,1,False,1,Home,17,14,13.0,WALK
1649814073,5029920,2025282,206226759,work,1,True,1,work,107,17,13.0,WALK_LOC
1649814077,5029920,2025282,206226759,work,1,False,1,Home,17,107,23.0,WALK_LOC
1649814401,5029921,2025282,206226800,work,1,True,1,work,23,17,8.0,TNC_SHARED
1649814405,5029921,2025282,206226800,work,1,False,1,Home,17,23,17.0,WALK_LRF
1652553201,5038271,2029315,206569150,work,1,True,1,work,119,71,7.0,DRIVEALONEFREE
1652553205,5038271,2029315,206569150,work,1,False,1,Home,71,119,16.0,DRIVEALONEFREE
1660479993,5062439,2053483,207559999,atwork,1,True,1,atwork,18,16,14.0,WALK
1660479997,5062439,2053483,207559999,atwork,1,False,1,Work,16,18,16.0,WALK
1660480041,5062439,2053483,207560005,eatout,1,True,1,eatout,43,71,20.0,TAXI
1660480045,5062439,2053483,207560005,eatout,1,False,1,Home,71,43,21.0,TNC_SHARED
1660480193,5062439,2053483,207560024,othdiscr,1,True,1,othdiscr,47,71,18.0,SHARED3FREE
1660480197,5062439,2053483,207560024,othdiscr,1,False,2,eatout,41,47,18.0,DRIVEALONEFREE
1660480198,5062439,2053483,207560024,othdiscr,2,False,2,Home,71,41,18.0,SHARED2FREE
1660480305,5062439,2053483,207560038,work,1,True,1,work,16,71,8.0,WALK_LOC
1660480309,5062439,2053483,207560038,work,1,False,2,shopping,30,16,17.0,WALK_LOC
1660480310,5062439,2053483,207560038,work,2,False,2,Home,71,30,17.0,WALK_LOC
1767431969,5388512,2223402,220928996,atwork,1,True,1,atwork,16,22,9.0,WALK
1767431973,5388512,2223402,220928996,atwork,1,False,1,Work,22,16,9.0,WALK
1767432249,5388512,2223402,220929031,work,1,True,1,work,22,11,7.0,WALK_LOC
1767432253,5388512,2223402,220929031,work,1,False,1,Home,11,22,19.0,WALK_LRF
1767432465,5388513,2223402,220929058,othdiscr,1,True,1,othdiscr,12,11,18.0,WALK
1767432469,5388513,2223402,220929058,othdiscr,1,False,1,Home,11,12,20.0,WALK
1767432577,5388513,2223402,220929072,work,1,True,1,work,24,11,7.0,WALK
1767432581,5388513,2223402,220929072,work,1,False,1,Home,11,24,18.0,WALK_LOC
1768050857,5390398,2224345,221006357,work,1,True,1,work,18,17,8.0,WALK
1768050861,5390398,2224345,221006357,work,1,False,1,Home,17,18,21.0,WALK
1768051185,5390399,2224345,221006398,work,1,True,1,work,15,17,7.0,TAXI
1768051189,5390399,2224345,221006398,work,1,False,2,shopping,16,15,18.0,WALK
1768051190,5390399,2224345,221006398,work,2,False,2,Home,17,16,18.0,WALK
1770991097,5399363,2228827,221373887,atwork,1,True,1,atwork,7,9,12.0,WALK
1770991101,5399363,2228827,221373887,atwork,1,False,1,Work,9,7,13.0,WALK
1770991377,5399363,2228827,221373922,work,1,True,1,work,9,44,9.0,DRIVEALONEFREE
1770991381,5399363,2228827,221373922,work,1,False,1,Home,44,9,18.0,DRIVEALONEFREE
1775618193,5413470,2235881,221952274,atwork,1,True,3,othmaint,127,100,14.0,WALK
1775618194,5413470,2235881,221952274,atwork,2,True,3,eatout,134,127,14.0,WALK
1775618195,5413470,2235881,221952274,atwork,3,True,3,atwork,165,134,14.0,WALK
1775618197,5413470,2235881,221952274,atwork,1,False,1,Work,100,165,14.0,WALK
1775618361,5413470,2235881,221952295,othdiscr,1,True,1,othdiscr,7,85,6.0,TNC_SHARED
1775618365,5413470,2235881,221952295,othdiscr,1,False,1,Home,85,7,6.0,TNC_SINGLE
1775618473,5413470,2235881,221952309,work,1,True,1,work,100,85,7.0,WALK_LOC
1775618477,5413470,2235881,221952309,work,1,False,1,Home,85,100,21.0,WALK_HVY
1776762225,5416958,2237625,222095278,atwork,1,True,1,atwork,86,7,12.0,BIKE
1776762229,5416958,2237625,222095278,atwork,1,False,2,eatout,106,86,14.0,BIKE
1776762230,5416958,2237625,222095278,atwork,2,False,2,Work,7,106,14.0,BIKE
1776762425,5416958,2237625,222095303,othdiscr,1,True,1,othdiscr,92,93,16.0,DRIVEALONEFREE
1776762429,5416958,2237625,222095303,othdiscr,1,False,1,Home,93,92,16.0,SHARED2FREE
1776762537,5416958,2237625,222095317,work,1,True,1,work,7,93,6.0,BIKE
1776762541,5416958,2237625,222095317,work,1,False,1,Home,93,7,15.0,BIKE
1776762865,5416959,2237625,222095358,work,1,True,1,work,107,93,8.0,DRIVEALONEFREE
1776762869,5416959,2237625,222095358,work,1,False,2,work,142,107,16.0,SHARED3FREE
1776762870,5416959,2237625,222095358,work,2,False,2,Home,93,142,17.0,DRIVEALONEFREE
1779276985,5424624,2241458,222409623,work,1,True,1,work,13,114,7.0,WALK_LOC
1779276989,5424624,2241458,222409623,work,1,False,1,Home,114,13,18.0,WALK_LOC
1779277049,5424625,2241458,222409631,eatout,1,True,1,eatout,113,114,18.0,SHARED3FREE
1779277053,5424625,2241458,222409631,eatout,1,False,1,Home,114,113,20.0,SHARED3FREE
1779277313,5424625,2241458,222409664,work,1,True,1,work,127,114,6.0,WALK_LOC
1779277317,5424625,2241458,222409664,work,1,False,1,Home,114,127,17.0,WALK_HVY
1810060505,5518477,2285349,226257563,eatout,1,True,1,eatout,23,105,12.0,BIKE
1810060509,5518477,2285349,226257563,eatout,1,False,1,Home,105,23,14.0,BIKE
1810060529,5518477,2285349,226257566,escort,1,True,1,escort,101,105,15.0,WALK
1810060533,5518477,2285349,226257566,escort,1,False,1,Home,105,101,17.0,WALK
1810060985,5518478,2285349,226257623,othdiscr,1,True,1,othdiscr,75,105,12.0,BIKE
1810060989,5518478,2285349,226257623,othdiscr,1,False,1,Home,105,75,13.0,BIKE
1869296961,5699076,2345549,233662120,atwork,1,True,1,atwork,73,23,15.0,WALK
1869296965,5699076,2345549,233662120,atwork,1,False,1,Work,23,73,16.0,WALK
1869297241,5699076,2345549,233662155,work,1,True,1,work,23,39,7.0,WALK_LRF
1869297245,5699076,2345549,233662155,work,1,False,1,Home,39,23,17.0,WALK
1869297457,5699077,2345549,233662182,othdiscr,1,True,1,othdiscr,8,39,17.0,WALK_LOC
1869297461,5699077,2345549,233662182,othdiscr,1,False,1,Home,39,8,21.0,WALK
1869297569,5699077,2345549,233662196,work,1,True,1,work,144,39,8.0,WALK_LRF
1869297573,5699077,2345549,233662196,work,1,False,1,Home,39,144,17.0,WALK_LRF
1869297849,5699078,2345549,233662231,shopping,1,True,3,shopping,6,39,18.0,WALK
1869297850,5699078,2345549,233662231,shopping,2,True,3,escort,9,6,18.0,WALK
1869297851,5699078,2345549,233662231,shopping,3,True,3,shopping,5,9,19.0,WALK
1869297853,5699078,2345549,233662231,shopping,1,False,1,Home,39,5,20.0,WALK
1869297897,5699078,2345549,233662237,work,1,True,1,work,7,39,6.0,WALK
1869297901,5699078,2345549,233662237,work,1,False,1,Home,39,7,18.0,WALK
1892713489,5770467,2369346,236589186,work,1,True,1,work,87,49,9.0,DRIVEALONEFREE
1892713493,5770467,2369346,236589186,work,1,False,2,shopping,90,87,18.0,DRIVEALONEFREE
1892713494,5770467,2369346,236589186,work,2,False,2,Home,49,90,18.0,DRIVEALONEFREE
1892713537,5770468,2369346,236589192,atwork,1,True,1,atwork,73,81,12.0,BIKE
1892713541,5770468,2369346,236589192,atwork,1,False,1,Work,81,73,13.0,BIKE
1892713705,5770468,2369346,236589213,othdiscr,1,True,1,othdiscr,37,49,5.0,SHARED2FREE
1892713709,5770468,2369346,236589213,othdiscr,1,False,1,Home,49,37,7.0,SHARED2FREE
1892713713,5770468,2369346,236589214,othdiscr,1,True,1,othdiscr,65,49,17.0,SHARED2FREE
1892713717,5770468,2369346,236589214,othdiscr,1,False,1,Home,49,65,17.0,SHARED2FREE
1892713817,5770468,2369346,236589227,work,1,True,1,work,81,49,8.0,BIKE
1892713821,5770468,2369346,236589227,work,1,False,1,Home,49,81,17.0,BIKE
1892714081,5770469,2369346,236589260,school,1,True,1,school,47,49,6.0,WALK
1892714085,5770469,2369346,236589260,school,1,False,3,social,47,47,17.0,WALK
1892714086,5770469,2369346,236589260,school,2,False,3,othmaint,47,47,16.0,WALK
1892714087,5770469,2369346,236589260,school,3,False,3,Home,49,47,17.0,WALK
1893027385,5771424,2369665,236628423,work,1,True,1,work,15,71,7.0,BIKE
1893027389,5771424,2369665,236628423,work,1,False,1,Home,71,15,21.0,BIKE
1893027449,5771425,2369665,236628431,eatout,1,True,1,eatout,92,71,14.0,SHARED3FREE
1893027453,5771425,2369665,236628431,eatout,1,False,1,Home,71,92,14.0,DRIVEALONEFREE
1893027473,5771425,2369665,236628434,escort,1,True,1,escort,175,71,7.0,SHARED3FREE
1893027477,5771425,2369665,236628434,escort,1,False,1,Home,71,175,12.0,SHARED3FREE
1893027481,5771425,2369665,236628435,escort,1,True,1,escort,64,71,15.0,DRIVEALONEFREE
1893027485,5771425,2369665,236628435,escort,1,False,2,escort,49,64,16.0,SHARED2FREE
1893027486,5771425,2369665,236628435,escort,2,False,2,Home,71,49,16.0,DRIVEALONEFREE
1893027977,5771426,2369665,236628497,school,1,True,2,escort,97,71,8.0,SHARED3FREE
1893027978,5771426,2369665,236628497,school,2,True,2,school,97,97,8.0,SHARED3FREE
1893027981,5771426,2369665,236628497,school,1,False,1,Home,71,97,15.0,SHARED2FREE
1894286905,5775264,2370945,236785863,work,1,True,1,work,24,170,7.0,DRIVEALONEFREE
1894286909,5775264,2370945,236785863,work,1,False,1,Home,170,24,16.0,SHARED2FREE
1894287233,5775265,2370945,236785904,work,1,True,1,work,133,170,7.0,WALK_LOC
1894287237,5775265,2370945,236785904,work,1,False,1,Home,170,133,17.0,WALK
1894287497,5775266,2370945,236785937,school,1,True,1,school,188,170,7.0,WALK_LRF
1894287501,5775266,2370945,236785937,school,1,False,4,social,26,188,16.0,WALK_LRF
1894287502,5775266,2370945,236785937,school,2,False,4,escort,172,26,15.0,WALK_LRF
1894287503,5775266,2370945,236785937,school,3,False,4,escort,9,172,19.0,WALK_LRF
1894287504,5775266,2370945,236785937,school,4,False,4,Home,170,9,22.0,WALK_LRF
1894287513,5775266,2370945,236785939,shopping,1,True,3,othmaint,94,170,5.0,SHARED3FREE
1894287514,5775266,2370945,236785939,shopping,2,True,3,othmaint,70,94,6.0,SHARED3FREE
1894287515,5775266,2370945,236785939,shopping,3,True,3,shopping,168,70,5.0,SHARED3FREE
1894287517,5775266,2370945,236785939,shopping,1,False,3,shopping,188,168,6.0,SHARED3FREE
1894287518,5775266,2370945,236785939,shopping,2,False,3,social,133,188,6.0,SHARED3FREE
1894287519,5775266,2370945,236785939,shopping,3,False,3,Home,170,133,6.0,SHARED3FREE
1953939017,5957131,2427358,244242377,eatout,1,True,1,eatout,10,178,18.0,SHARED2FREE
1953939021,5957131,2427358,244242377,eatout,1,False,1,Home,178,10,20.0,SHARED2FREE
1953939193,5957131,2427358,244242399,othmaint,1,True,1,othmaint,90,178,10.0,WALK_LRF
1953939197,5957131,2427358,244242399,othmaint,1,False,1,Home,178,90,13.0,WALK_LRF
1953939233,5957131,2427358,244242404,shopping,1,True,1,shopping,61,178,16.0,SHARED3FREE
1953939237,5957131,2427358,244242404,shopping,1,False,1,Home,178,61,17.0,SHARED3FREE
1953939545,5957132,2427358,244242443,univ,1,True,1,univ,188,178,18.0,DRIVEALONEFREE
1953939549,5957132,2427358,244242443,univ,1,False,1,Home,178,188,18.0,DRIVEALONEFREE
1953939673,5957133,2427358,244242459,eatout,1,True,2,social,32,178,14.0,TNC_SINGLE
1953939674,5957133,2427358,244242459,eatout,2,True,2,eatout,91,32,15.0,TNC_SHARED
1953939677,5957133,2427358,244242459,eatout,1,False,1,Home,178,91,17.0,TNC_SHARED
1953939697,5957133,2427358,244242462,escort,1,True,1,escort,181,178,10.0,SHARED3FREE
1953939701,5957133,2427358,244242462,escort,1,False,4,escort,177,181,10.0,SHARED3FREE
1953939702,5957133,2427358,244242462,escort,2,False,4,shopping,177,177,10.0,SHARED3FREE
1953939703,5957133,2427358,244242462,escort,3,False,4,shopping,89,177,10.0,SHARED3FREE
1953939704,5957133,2427358,244242462,escort,4,False,4,Home,178,89,10.0,SHARED2FREE
1953940217,5957134,2427358,244242527,shopping,1,True,1,shopping,132,178,11.0,TNC_SHARED
1953940221,5957134,2427358,244242527,shopping,1,False,2,othmaint,62,132,19.0,DRIVEALONEFREE
1953940222,5957134,2427358,244242527,shopping,2,False,2,Home,178,62,21.0,DRIVEALONEFREE
1955886833,5963069,2428592,244485854,othdiscr,1,True,1,othdiscr,138,172,8.0,DRIVEALONEFREE
1955886837,5963069,2428592,244485854,othdiscr,1,False,1,Home,172,138,11.0,DRIVEALONEFREE
1955887273,5963070,2428592,244485909,work,1,True,4,work,2,172,6.0,DRIVEALONEFREE
1955887274,5963070,2428592,244485909,work,2,True,4,shopping,5,2,7.0,DRIVEALONEFREE
1955887275,5963070,2428592,244485909,work,3,True,4,shopping,5,5,7.0,DRIVEALONEFREE
1955887276,5963070,2428592,244485909,work,4,True,4,work,2,5,7.0,DRIVEALONEFREE
1955887277,5963070,2428592,244485909,work,1,False,2,escort,164,2,23.0,DRIVEALONEFREE
1955887278,5963070,2428592,244485909,work,2,False,2,Home,172,164,23.0,DRIVEALONEFREE
1955887361,5963071,2428592,244485920,escort,1,True,1,escort,77,172,7.0,TAXI
1955887365,5963071,2428592,244485920,escort,1,False,1,Home,172,77,8.0,TNC_SINGLE
1955887553,5963071,2428592,244485944,shopping,1,True,1,shopping,172,172,14.0,WALK
1955887557,5963071,2428592,244485944,shopping,1,False,1,Home,172,172,15.0,WALK
1955887929,5963072,2428592,244485991,work,1,True,1,work,20,172,7.0,DRIVEALONEFREE
1955887933,5963072,2428592,244485991,work,1,False,1,Home,172,20,16.0,DRIVEALONEFREE
1955888145,5963073,2428592,244486018,othdiscr,1,True,1,othdiscr,83,172,10.0,SHARED3FREE
1955888149,5963073,2428592,244486018,othdiscr,1,False,1,Home,172,83,13.0,SHARED3FREE
1984991385,6051803,2447200,248123923,atwork,1,True,1,atwork,76,47,12.0,WALK
1984991389,6051803,2447200,248123923,atwork,1,False,1,Work,47,76,13.0,WALK
1984991697,6051803,2447200,248123962,work,1,True,1,work,47,161,6.0,DRIVEALONEFREE
1984991701,6051803,2447200,248123962,work,1,False,1,Home,161,47,20.0,DRIVEALONEFREE
2088808945,6368319,2508315,261101118,work,1,True,1,work,133,101,7.0,WALK_HVY
2088808949,6368319,2508315,261101118,work,1,False,1,Home,101,133,12.0,WALK_LRF
2088808993,6368320,2508315,261101124,atwork,1,True,1,atwork,26,2,12.0,WALK
2088808997,6368320,2508315,261101124,atwork,1,False,2,eatout,3,26,15.0,WALK
2088808998,6368320,2508315,261101124,atwork,2,False,2,Work,2,3,15.0,WALK
2088809273,6368320,2508315,261101159,work,1,True,1,work,2,101,7.0,DRIVEALONEFREE
2088809277,6368320,2508315,261101159,work,1,False,1,Home,101,2,16.0,DRIVEALONEFREE
2088809601,6368321,2508315,261101200,work,1,True,1,work,145,101,7.0,DRIVEALONEFREE
2088809605,6368321,2508315,261101200,work,1,False,1,Home,101,145,16.0,DRIVEALONEFREE
2088809929,6368322,2508315,261101241,work,1,True,1,work,2,101,6.0,WALK_HVY
2088809933,6368322,2508315,261101241,work,1,False,1,Home,101,2,22.0,WALK_HVY
2269412041,6918939,2628704,283676505,eatout,1,True,1,eatout,16,121,12.0,DRIVEALONEFREE
2269412045,6918939,2628704,283676505,eatout,1,False,1,Home,121,16,13.0,SHARED3FREE
2269412193,6918939,2628704,283676524,othdiscr,1,True,1,othdiscr,4,121,15.0,DRIVEALONEFREE
2269412197,6918939,2628704,283676524,othdiscr,1,False,2,shopping,5,4,17.0,TNC_SHARED
2269412198,6918939,2628704,283676524,othdiscr,2,False,2,Home,121,5,17.0,DRIVEALONEFREE
2269412633,6918940,2628704,283676579,work,1,True,1,work,9,121,6.0,WALK_LOC
2269412637,6918940,2628704,283676579,work,1,False,1,Home,121,9,18.0,WALK_LOC
2269412897,6918941,2628704,283676612,school,1,True,1,school,102,121,7.0,SHARED3FREE
2269412901,6918941,2628704,283676612,school,1,False,1,Home,121,102,15.0,SHARED2FREE
2269413177,6918942,2628704,283676647,othdiscr,1,True,1,othdiscr,108,121,20.0,SHARED2FREE
2269413181,6918942,2628704,283676647,othdiscr,1,False,1,Home,121,108,23.0,SHARED2FREE
2269413201,6918942,2628704,283676650,othmaint,1,True,1,othmaint,19,121,6.0,SHARED2FREE
2269413205,6918942,2628704,283676650,othmaint,1,False,1,Home,121,19,6.0,SHARED2FREE
2269413225,6918942,2628704,283676653,school,1,True,1,school,141,121,7.0,SHARED2FREE
2269413229,6918942,2628704,283676653,school,1,False,2,escort,156,141,15.0,SHARED2FREE
2269413230,6918942,2628704,283676653,school,2,False,2,Home,121,156,19.0,SHARED2FREE
2269413617,6918943,2628704,283676702,work,1,True,1,work,9,121,7.0,WALK_LOC
2269413621,6918943,2628704,283676702,work,1,False,1,Home,121,9,17.0,WALK_LOC
2410221609,7348236,2741769,301277701,othdiscr,1,True,1,othdiscr,75,150,20.0,DRIVEALONEFREE
2410221613,7348236,2741769,301277701,othdiscr,1,False,2,shopping,19,75,22.0,SHARED3FREE
2410221614,7348236,2741769,301277701,othdiscr,2,False,2,Home,150,19,22.0,DRIVEALONEFREE
2410221697,7348236,2741769,301277712,social,1,True,1,social,142,150,8.0,SHARED2FREE
2410221701,7348236,2741769,301277712,social,1,False,1,Home,150,142,18.0,SHARED3FREE
2410222001,7348237,2741769,301277750,shopping,1,True,1,shopping,179,150,10.0,DRIVEALONEFREE
2410222005,7348237,2741769,301277750,shopping,1,False,1,Home,150,179,12.0,DRIVEALONEFREE
2410222329,7348238,2741769,301277791,shopping,1,True,1,shopping,108,150,13.0,DRIVEALONEFREE
2410222333,7348238,2741769,301277791,shopping,1,False,1,Home,150,108,14.0,TNC_SINGLE
2410222441,7348239,2741769,301277805,eatout,1,True,1,eatout,107,150,12.0,DRIVEALONEFREE
2410222445,7348239,2741769,301277805,eatout,1,False,1,Home,150,107,18.0,SHARED3FREE
2410222465,7348239,2741769,301277808,escort,1,True,1,escort,130,150,11.0,TNC_SINGLE
2410222469,7348239,2741769,301277808,escort,1,False,1,Home,150,130,11.0,TNC_SHARED
2410222593,7348239,2741769,301277824,othdiscr,1,True,2,escort,115,150,20.0,SHARED2FREE
2410222594,7348239,2741769,301277824,othdiscr,2,True,2,othdiscr,8,115,20.0,SHARED2FREE
2410222597,7348239,2741769,301277824,othdiscr,1,False,2,shopping,67,8,21.0,SHARED2FREE
2410222598,7348239,2741769,301277824,othdiscr,2,False,2,Home,150,67,21.0,SHARED2FREE
2445151969,7454731,2763396,305643996,othdiscr,1,True,2,shopping,127,44,8.0,SHARED2FREE
2445151970,7454731,2763396,305643996,othdiscr,2,True,2,othdiscr,187,127,10.0,SHARED3FREE
2445151973,7454731,2763396,305643996,othdiscr,1,False,4,escort,188,187,16.0,SHARED2FREE
2445151974,7454731,2763396,305643996,othdiscr,2,False,4,escort,44,188,16.0,SHARED2FREE
2445151975,7454731,2763396,305643996,othdiscr,3,False,4,othmaint,92,44,16.0,SHARED3FREE
2445151976,7454731,2763396,305643996,othdiscr,4,False,4,Home,44,92,16.0,SHARED3FREE
2446139249,7457741,2766406,305767406,othdiscr,1,True,1,othdiscr,7,102,10.0,WALK_LRF
2446139253,7457741,2766406,305767406,othdiscr,1,False,1,Home,102,7,14.0,WALK_LRF
2447089465,7460638,2769303,305886183,othdiscr,1,True,1,othdiscr,188,188,11.0,DRIVEALONEFREE
2447089469,7460638,2769303,305886183,othdiscr,1,False,2,shopping,188,188,14.0,SHARED2FREE
2447089470,7460638,2769303,305886183,othdiscr,2,False,2,Home,188,188,14.0,SHARED3FREE
2467830281,7523872,2832537,308478785,shopping,1,True,1,shopping,8,21,11.0,WALK
2467830285,7523872,2832537,308478785,shopping,1,False,1,Home,21,8,11.0,WALK
2469130937,7527838,2836503,308641367,escort,1,True,1,escort,162,188,8.0,DRIVEALONEFREE
2469130941,7527838,2836503,308641367,escort,1,False,2,shopping,188,162,8.0,SHARED3FREE
2469130942,7527838,2836503,308641367,escort,2,False,2,Home,188,188,8.0,WALK
